axis,score_0100
CB,0.0
FB,71.8930144968967
DM,25.964809568963187
CM,100.0
AM,80.81672835820845
ST,20.880251505756455
NON_ST,82.35771562849719
